Workbook

Sheet 物料档案表
A1: 物料编码 | B1: 货物名称 | C1: 规格及材质 | D1: 单位 | E1: 适用成品 | F1: 物料大类 | G1: 备注说明
A2: CL-001 | B2: 铝管 | C2: 6063铝 25mm×1m | D2: 米 | E2: A款/E款 | F2: 原材料
A3: CL-002 | B3: 铝轴 | C3: φ8mm | D3: 件 | E3: A款/B款 | F3: 原材料
A4: CL-003 | B4: 不锈钢外壳 | C4: 304不锈钢 | D4: 件 | E4: M金属款 | F4: 原材料
A5: CL-004 | B5: 拉簧 | C5: 线径1.2mm 长50mm | D5: 个 | E5: A款/B款 | F5: 原材料
A6: CL-005 | B6: 压簧 | C6: 线径1.5mm 长30mm | D6: 个 | E6: E款 | F6: 原材料
A7: CL-006 | B7: 磁铁 | C7: D6×2mm 强磁 | D7: 片 | E7: A款/B款 | F7: 原材料 | G7: 多成品通用物料
A8: CL-007 | B8: 硅胶吸盘 | C8: 直径20mm | D8: 个 | E8: M金属款 | F8: 原材料
A9: BZ-001 | B9: 彩盒 | C9: A款专用彩盒 | D9: 个 | E9: A款 | F9: 包装辅料
A10: BZ-002 | B10: 外箱 | C10: 五层瓦楞 60×40×30cm | D10: 个 | E10: 通用 | F10: 包装辅料 | G10: 多成品通用物料
A11: BZ-003 | B11: 快递盒 | C11: 13号 17×12×10cm | D11: 个 | E11: 通用 | F11: 包装辅料 | G11: 多成品通用物料
A12: BZ-004 | B12: 磨砂袋 | C12: A4磨砂 | D12: 个 | E12: 通用 | F12: 包装辅料 | G12: 多成品通用物料
A13: BZ-005 | B13: 气泡袋 | C13: 20×30cm | D13: 个 | E13: 通用 | F13: 包装辅料 | G13: 多成品通用物料
A14: BZ-006 | B14: 说明书 | C14: 中文版 4页 | D14: 本 | E14: 通用 | F14: 包装辅料 | G14: 多成品通用物料
A15: BZ-007 | B15: 子扣 | C15: 通用子扣 | D15: 个 | E15: A款/B款/E款 | F15: 包装辅料 | G15: 多成品通用物料
A16: BZ-008 | B16: 保鲜膜 | C16: 单卷 50米 | D16: 卷 | E16: 通用 | F16: 包装辅料 | G16: 多成品通用物料
A17: BZ-009 | B17: 导轨条 | C17: 1m通用导轨 | D17: 根 | E17: A款/B款/E款/M款 | F17: 包装辅料 | G17: 多成品通用物料
A18: WL-001 | B18: 安鼎螺钉 | C18: M3×6 | D18: 个 | E18: 通用 | F18: 配套小件 | G18: 安鼎物料
A19: WL-002 | B19: 安鼎垫圈 | C19: φ4 | D19: 个 | E19: 通用 | F19: 配套小件 | G19: 安鼎物料

Sheet 入库记录表
A1: 日期 | B1: 成品 | C1: 货物名称 | D1: 规格及材质 | E1: 单位 | F1: 数量 | G1: 备注
A2: 46241.667 | B2: A款 B款 | C2: 磁铁 | D2: D6*2 | E2: 片 | F2: 10000 | G2: 首批采购
A3: 46241.667 | B3: 通用款 | C3: 子扣 | D3: 6*6CM | E3: 包 | F3: 5000
A4: 46242.667 | B4: 牙线盒 | C4: 磨砂袋 | D4: 牙线盒 | E4: 个 | F4: 20000

Sheet 出库记录表
A1: 出库日期 | B1: 出库方向 | C1: 货物名称 | D1: 规格及材质 | E1: 单位 | F1: 出库数量 | G1: 出库备注
A2: 46242.667 | B2: A 款生产 | C2: 磁铁 | D2: D6*2 | E2: 片 | F2: 1000 | G2: 车间领用
A3: 46243.667 | B3: 打包发货 | C3: 磨砂袋 | D3: 牙线盒 | E3: 个 | F3: 5000 | G3: 发A款订单

Sheet 实时库存余额表
A1: 货物名称 | B1: 规格及材质 | C1: 单位 | D1: 适用成品 | E1: 期初库存 | F1: 本期总入库 | G1: 本期总出库 | H1: 当前剩余库存 | I1: 库存状态
A2: 铝管 | B2: 6063铝 25mm×1m | C2: 米 | D2: A款/E款 | E2: 100 | F2: =SUMIFS('入库记录表'!$F:$F,'入库记录表'!$C:$C,$A2,'入库记录表'!$D:$D,$B2,'入库记录表'!$E:$E,$C2) | G2: =SUMIFS('出库记录表'!$F:$F,'出库记录表'!$C:$C,$A2,'出库记录表'!$D:$D,$B2,'出库记录表'!$E:$E,$C2) | H2: =E2+F2-G2 | I2: =IF(H2<0,"库存预警",IF(H2=0,"无库存","库存充足"))
A3: 铝轴 | B3: φ8mm | C3: 件 | D3: A款/B款 | E3: 80 | F3: =SUMIFS('入库记录表'!$F:$F,'入库记录表'!$C:$C,$A3,'入库记录表'!$D:$D,$B3,'入库记录表'!$E:$E,$C3) | G3: =SUMIFS('出库记录表'!$F:$F,'出库记录表'!$C:$C,$A3,'出库记录表'!$D:$D,$B3,'出库记录表'!$E:$E,$C3) | H3: =E3+F3-G3 | I3: =IF(H3<0,"库存预警",IF(H3=0,"无库存","库存充足"))
A4: 不锈钢外壳 | B4: 304不锈钢 | C4: 件 | D4: M金属款 | E4: 60 | F4: =SUMIFS('入库记录表'!$F:$F,'入库记录表'!$C:$C,$A4,'入库记录表'!$D:$D,$B4,'入库记录表'!$E:$E,$C4) | G4: =SUMIFS('出库记录表'!$F:$F,'出库记录表'!$C:$C,$A4,'出库记录表'!$D:$D,$B4,'出库记录表'!$E:$E,$C4) | H4: =E4+F4-G4 | I4: =IF(H4<0,"库存预警",IF(H4=0,"无库存","库存充足"))
A5: 拉簧 | B5: 线径1.2mm 长50mm | C5: 个 | D5: A款/B款 | E5: 300 | F5: =SUMIFS('入库记录表'!$F:$F,'入库记录表'!$C:$C,$A5,'入库记录表'!$D:$D,$B5,'入库记录表'!$E:$E,$C5) | G5: =SUMIFS('出库记录表'!$F:$F,'出库记录表'!$C:$C,$A5,'出库记录表'!$D:$D,$B5,'出库记录表'!$E:$E,$C5) | H5: =E5+F5-G5 | I5: =IF(H5<0,"库存预警",IF(H5=0,"无库存","库存充足"))
A6: 压簧 | B6: 线径1.5mm 长30mm | C6: 个 | D6: E款 | E6: 150 | F6: =SUMIFS('入库记录表'!$F:$F,'入库记录表'!$C:$C,$A6,'入库记录表'!$D:$D,$B6,'入库记录表'!$E:$E,$C6) | G6: =SUMIFS('出库记录表'!$F:$F,'出库记录表'!$C:$C,$A6,'出库记录表'!$D:$D,$B6,'出库记录表'!$E:$E,$C6) | H6: =E6+F6-G6 | I6: =IF(H6<0,"库存预警",IF(H6=0,"无库存","库存充足"))
A7: 磁铁 | B7: D6×2mm 强磁 | C7: 片 | D7: A款/B款 | E7: 500 | F7: =SUMIFS('入库记录表'!$F:$F,'入库记录表'!$C:$C,$A7,'入库记录表'!$D:$D,$B7,'入库记录表'!$E:$E,$C7) | G7: =SUMIFS('出库记录表'!$F:$F,'出库记录表'!$C:$C,$A7,'出库记录表'!$D:$D,$B7,'出库记录表'!$E:$E,$C7) | H7: =E7+F7-G7 | I7: =IF(H7<0,"库存预警",IF(H7=0,"无库存","库存充足"))
A8: 硅胶吸盘 | B8: 直径20mm | C8: 个 | D8: M金属款 | E8: 40 | F8: =SUMIFS('入库记录表'!$F:$F,'入库记录表'!$C:$C,$A8,'入库记录表'!$D:$D,$B8,'入库记录表'!$E:$E,$C8) | G8: =SUMIFS('出库记录表'!$F:$F,'出库记录表'!$C:$C,$A8,'出库记录表'!$D:$D,$B8,'出库记录表'!$E:$E,$C8) | H8: =E8+F8-G8 | I8: =IF(H8<0,"库存预警",IF(H8=0,"无库存","库存充足"))
A9: 彩盒 | B9: A款专用彩盒 | C9: 个 | D9: A款 | E9: 100 | F9: =SUMIFS('入库记录表'!$F:$F,'入库记录表'!$C:$C,$A9,'入库记录表'!$D:$D,$B9,'入库记录表'!$E:$E,$C9) | G9: =SUMIFS('出库记录表'!$F:$F,'出库记录表'!$C:$C,$A9,'出库记录表'!$D:$D,$B9,'出库记录表'!$E:$E,$C9) | H9: =E9+F9-G9 | I9: =IF(H9<0,"库存预警",IF(H9=0,"无库存","库存充足"))
A10: 外箱 | B10: 五层瓦楞 60×40×30cm | C10: 个 | D10: 通用 | E10: 50 | F10: =SUMIFS('入库记录表'!$F:$F,'入库记录表'!$C:$C,$A10,'入库记录表'!$D:$D,$B10,'入库记录表'!$E:$E,$C10) | G10: =SUMIFS('出库记录表'!$F:$F,'出库记录表'!$C:$C,$A10,'出库记录表'!$D:$D,$B10,'出库记录表'!$E:$E,$C10) | H10: =E10+F10-G10 | I10: =IF(H10<0,"库存预警",IF(H10=0,"无库存","库存充足"))
A11: 快递盒 | B11: 13号 17×12×10cm | C11: 个 | D11: 通用 | E11: 80 | F11: =SUMIFS('入库记录表'!$F:$F,'入库记录表'!$C:$C,$A11,'入库记录表'!$D:$D,$B11,'入库记录表'!$E:$E,$C11) | G11: =SUMIFS('出库记录表'!$F:$F,'出库记录表'!$C:$C,$A11,'出库记录表'!$D:$D,$B11,'出库记录表'!$E:$E,$C11) | H11: =E11+F11-G11 | I11: =IF(H11<0,"库存预警",IF(H11=0,"无库存","库存充足"))
A12: 磨砂袋 | B12: A4磨砂 | C12: 个 | D12: 通用 | E12: 200 | F12: =SUMIFS('入库记录表'!$F:$F,'入库记录表'!$C:$C,$A12,'入库记录表'!$D:$D,$B12,'入库记录表'!$E:$E,$C12) | G12: =SUMIFS('出库记录表'!$F:$F,'出库记录表'!$C:$C,$A12,'出库记录表'!$D:$D,$B12,'出库记录表'!$E:$E,$C12) | H12: =E12+F12-G12 | I12: =IF(H12<0,"库存预警",IF(H12=0,"无库存","库存充足"))
A13: 气泡袋 | B13: 20×30cm | C13: 个 | D13: 通用 | E13: 120 | F13: =SUMIFS('入库记录表'!$F:$F,'入库记录表'!$C:$C,$A13,'入库记录表'!$D:$D,$B13,'入库记录表'!$E:$E,$C13) | G13: =SUMIFS('出库记录表'!$F:$F,'出库记录表'!$C:$C,$A13,'出库记录表'!$D:$D,$B13,'出库记录表'!$E:$E,$C13) | H13: =E13+F13-G13 | I13: =IF(H13<0,"库存预警",IF(H13=0,"无库存","库存充足"))
... A19: 安鼎垫圈 | B19: φ4 | C19: 个 | D19: 通用 | E19: 500 | F19: =SUMIFS('入库记录表'!$F:$F,'入库记录表'!$C:$C,$A19,'入库记录表'!$D:$D,$B19,'入库记录表'!$E:$E,$C19) | G19: =SUMIFS('出库记录表'!$F:$F,'出库记录表'!$C:$C,$A19,'出库记录表'!$D:$D,$B19,'出库记录表'!$E:$E,$C19) | H19: =E19+F19-G19 | I19: =IF(H19<0,"库存预警",IF(H19=0,"无库存","库存充足"))
